服务,3494
酒店,3064
不错,1992
房间,1814
服务员,1071
热情,921
入住,810
特别,758
济南,637
早餐,625
环境,602
干净,571
设施,570
前台,525
下次,520
水果,499
满意,427
服务态度,425
位置,423
感觉,409
刘志悦,407
张雨,391
推荐,384
卫生,350
很棒,325
周到,322
交通,321
人员,305
客房,296
还会,280
孩子,280
贴心,277
感谢,274
选择,247
办理,228
真的,220
行李,218
服务周到,217
舒服,216
齐全,216
值得,216
便利,212
很大,200
喜欢,197
送到,196
前厅,195
态度,187
小姑娘,187
出差,186
点赞,180
菜品,179
陈玉柳,176
性价比,175
热情周到,173
酸奶,168
帮忙,167
朋友,163
介绍,163
体验,162
大堂,160
停车场,158
西站,157
温馨,155
西客站,153
这家,151
礼物,147
国际,146
好好,146
美女,143
舒适,142
接待,140
整洁,139
好吃,138
高铁,136
停车,136
到位,136
还给,132
距离,127
主动,125
餐厅,125
超级,121
很近,120
郭冬梅,120
价格,119
晚上,117
经理,116
赠送,111
设备,110
海鲜,109
霍宣锦,109
每次,107
少华,106
陈金凤,105
门口,105
谢谢,104
出行,104
细心,103
第一次,100
好评,98
丰盛,97
张震,96
退房,94
吃饭,94
酒店设施,93
免费,93
工作人员,89
装修,87
整体,87
分钟,84
马启云,84
地理位置,82
王培培,82
总体,80
表扬,80
送来,79
适合,77
很快,77
二楼,77
拖鞋,75
还来,75
自助餐,74
亲切,74
小伙子,72
细致,72
打车,72
吕桂芳,71
姑娘,71
客人,71
地方,71
住宿,69
开心,68
餐饮,68
一家,67
安排,66
特意,66
赵翠,66
五星,62
用心,62
高速,62
服务生,61
用餐,61
枕头,61
烤肉,60
窗户,60
沈瑶,59
商务,58
安静,58
升级,58
员工,57
不好,57
旅游,56
李晓敏,56
感动,56
完善,55
果盘,54
玩具,54
李玲,54
设备齐全,54
一流,53
王新静,53
点菜,53
一位,52
一楼,51
有个,51
预定,51
宾至如归,51
优越,51
硬件,51
优秀,51
刘继红,50
儿童,50
品种,50
董凯丽,49
口味,49
第二天,49
周边,49
新鲜,48
宽敞,48
热心,48
大姐,48
机会,48
山东,48
时间,48
东西,48
提供,48
大床,47
味道,47
五星级,46
礼品,46
礼宾,45
希望,45
环境优美,45
引领,45
记忆,44
耐心,44
漂亮,44
非常感谢,44
两个,44
豪华,44
棒棒,43
首选,43
专业,43
林丽娟,42
开车,42
出门,42
一点,41
贵宾楼,41
小姐,41
很漂亮,40
大气,40
礼貌,40
自助,40
大厅,39
工作,39
种类,39
打扫,39
携程,39
宜家,39
体贴,38
巴西,37
一如既往,37
空调,37
超好,37
完美,37
特别感谢,37
网上,36
出租车,36
早上,36
一进,36
家人,36
还会来,36
挺不错,35
接待员,35
高大,35
大宝,34
评价,34
刘秀婷,34
进门,34
游玩,34
速度,34
点心,34
发现,34
女士,34
卫生间,33
同事,33
细节,33
惊喜,33
服务到位,33
感受,33
真心,32
宝宝,32
帅哥,32
小孩,32
来到,32
热情服务,32
超赞,31
印象,31
唯一,31
不远,31
太好了,31
矿泉水,31
情况,30
询问,30
孙龙甲,30
路上,29
管家,29
特色,29
老人,29
小朋友,29
晚餐,29
用品,28
很赞,28
咖啡,28
有礼,28
刘正芳,28
解决,28
王靖文,28
一路,28
满分,28
微笑,27
回来,27
舒心,27
建议,27
客户,27
自助餐厅,27
电梯,27
还好,27
确实,27
小美女,27
田广松,26
会议,26
可爱,26
阿姨,26
提前,26
引导,25
王天琪,25
吕许,25
楼下,25
肖珂,25
优雅,25
隔音,25
好找,25
刘玉莹,25
车程,24
标准,24
齐吉超,24
小姐姐,24
没得说,24
带到,24
更好,24
十路,24
浴缸,24
点个,23
景点,23
高架桥,23
一种,23
电脑,23
实惠,23
车位,23
关键,23
管理,23
客服,23
留下,23
热情接待,23
迎宾,23
空间,23
内窗,22
星级,22
部张,22
照顾,22
环境卫生,22
更是,22
感冒,22
吕文聪,22
公交车,21
西部,21
陈超,21
饼干,21
业务,21
美味,21
主管,21
客房部,21
周边环境,21
碰到,21
配套,21
小伙,21
领班,21
公园,21
套房,21
许晨雨,21
第二次,21
经十,21
档次,21
几次,20
广场,20
曹瑞姿,20
上档次,20
旁边,20
李靖,20
市中心,20
到达,20
董厨,20
点评,20
提出,20
双双,20
高架,20
学飞,20
陈旧,20
零食,20
打包,19
西边,19
超高,19
回家,19
挺大,19
有人,19
生意,19
深刻,19
详细,19
和谐,19
旅行,19
面积,19
好客,19
不到,19
布置,19
条件,19
人性化,19
领导,19
出游,18
合适,18
楼层,18
回到,18
靠近,18
设计,18
趵突泉,18
大方,18
挂件,18
大明湖,18
强烈推荐,18
中午,18
标间,18
购物,18
温暖,18
杨爱杰,18
得知,18
熟练,18
愉快,17
正好,17
没说的,17
笑容,17
超值,17
引领到,17
听说,17
彩云,17
微笑服务,17
牙刷,17
名不虚传,17
两位,17
同学,17
稍微,17
预订,17
好像,17
好多,17
甜美,17
下午,17
全程,17
可口,17
位于,17
内部,17
休息,16
一杯,16
专职,16
宾馆,16
实习生,16
对面,16
小点心,16
李霄,16
订房,16
火车站,16
便捷,16
市区,16
不算,16
净化器,16
房型,16
高档,16
协调,16
几个,16
门前,16
哈哈哈,16
停车位,16
帅气,16
居住,15
实在,15
公里,15
风格,15
同志,15
算是,15
婚宴,15
下车,15
公交,15
客户经理,15
温度,15
原因,15
顾客,15
手续,15
价位,15
高端,15
特地,15
有家,14
加床,14
效果,14
刘薛,14
太棒了,14
路线,14
名字,14
有种,14
友好,14
房间内,14
任财旺,14
玩偶,14
小宝宝,14
支持,14
超大,14
路过,14
浴室,14
小吃,14
纪念品,14
老板,14
王菲,14
感到,14
尤敏,14
办事,14
双床,14
马琳琳,14
适中,14
便宜,14
小哥,13
机场,13
失望,13
较近,13
王福云,13
零点,13
空气,13
微信,13
再来,13
物超所值,13
销售,13
事情,13
质量,13
床品,13
半夜,13
提醒,13
外面,13
美丽,13
讲解,13
菊花茶,13
气派,13
旅游景点,13
城市,13
期待,13
第一,12
先进,12
评论,12
真不错,12
赞赞,12
婚礼,12
有位,12
这是,12
热水,12
天气,12
不高,12
十几分钟,12
越来越,12
水杯,12
手机,12
客气,12
小孩子,12
洗漱,12
过程,12
绝佳,12
品质,12
两天,12
超棒,12
地毯,12
小时,12
需求,12
烧水,12
不太,12
热情好客,12
牙膏,12
自驾,12
走廊,12
马桶,12
选餐,12
不愧,12
负责,12
游乐场,11
光顾,11
没想到,11
北京,11
极好,11
辛苦,11
一般般,11
遇见,11
赵兰苏,11
外窗,11
叫车,11
火车,11
大大的,11
昨天,11
秀丽,11
服务质量,11
期间,11
韩宗军,11
提高,11
谭钦,11
送给,11
布局,11
出去玩,11
大赞,11
两次,11
静静,11
优惠,11
可惜,11
茶水,11
妹妹,11
问候,11
饭菜,11
几天,11
钥匙扣,11
王超,11
总台,11
活动,11
地点,11
屋里,11
一刻钟,11
姚换宝,11
押金,10
还行,10
被子,10
意识,10
肯定,10
这位,10
记得,10
一晚,10
小贵,10
效率,10
临时,10
车站,10
带领,10
早晨,10
刚进,10
说话,10
考试,10
荣禄,10
那种,10
排队,10
等待,10
暖心,10
主干道,10
不用,10
重点,10
乔之慧,10
心情,10
滴滴,10
刘双,10
一应俱全,10
衣服,10
九点,10
李学薇,10
赵翠点,10
袜子,10
服务满意,10
大酒店,10
地图,10
姐姐,10
早饭,10
只能,10
本来,10
习惯,10
听到,10
娃娃,10
享受,10
见到,10
宝贝,10
十分钟,9
行李箱,9
我家,9
午餐,9
技能,9
路春英,9
中餐,9
媳妇,9
路口,9
留言,9
开会,9
指引,9
一级,9
值得一提的是,9
济南市,9
富丽堂皇,9
张乐,9
楼上,9
一家人,9
放在,9
李玲芝,9
一会,9
王靖雯,9
带我去,9
放心,9
更换,9
结账,9
电视,9
饭店,9
不贵,9
优质,9
携程网,9
不行,9
当天,9
想象,9
订单,9
全家,9
赞赞赞,9
配备,9
洗澡,9
参观,9
睡得,9
告诉,9
光临,9
不想,9
声音,9
点餐,9
包间,9
提示,9
物有所值,9
罗树香,9
仔细,9
标准间,9
找到,9
专人,9
好玩,9
配有,9
拿来,9
厨师长,9
办完,9
沟通,9
一间,9
女朋友,8
比较满意,8
睡觉,8
价格合理,8
打电话,8
三口,8
肖柯,8
参加,8
省立医院,8
我会,8
无微不至,8
服务费,8
培训,8
钥匙链,8
操作,8
沙发,8
明天,8
开门,8
牛奶,8
依旧,8
电话,8
立交桥,8
物品,8
景区,8
告知,8
床单,8
挺舒服,8
来过,8
依然,8
一路上,8
待人,8
食物,8
就餐,8
估计,8
贵宾房,8
热菜,8
意外,8
兔子,8
超市,8
离开,8
蛋糕,8
健身房,8
师傅,8
热闹,8
迎接,8
公司,8
较大,8
国庆,8
泉城,8
接过,8
发票,8
要说,8
提升,8
早茶,8
回去,8
结婚,8
能加床,7
我定,7
信号,7
面带微笑,7
夏天,7
彬彬有礼,7
中规中矩,7
亲民,7
五楼,7
订餐,7
卡片,7
综合,7
开业,7
保洁,7
记住,7
加湿器,7
一看,7
地面,7
太热,7
摆放,7
美中不足,7
很暖心,7
贵宾,7
山东人,7
美好,7
李迪,7
细致入微,7
乳胶,7
快捷,7
于永辰,7
非常热心,7
送餐,7
上次,7
样子,7
赶上,7
区域,7
协助,7
西路,7
遗憾,7
招待,7
网络,7
出发,7
说实话,7
整齐,7
看着,7
一双,7
凉菜,7
仪翔,7
床垫,7
打招呼,7
一百个,7
拿到,7
分开,7
方特,7
水果盘,7
人气,7
全国,7
调整,7
商场,7
刚刚,7
他家,7
缺点,7
淋浴,7
帮着,7
极高,7
小乐,7
设置,7
我订,7
给予,7
无论是,7
离店,7
好喝,7
老公,7
超出,7
睡眠,7
两晚,7
直达,7
二环,7
关心,7
体现,7
电暖气,7
不值,7
申士意,7
各项,7
美食,7
连锁,7
清洁,7
带来,7
选舜,7
忘记,7
充足,7
问好,7
着急,7
李小敏,7
公交站,7
睡着,7
王玉婷,7
高级,7
洋洋,7
女孩子,6
小胡,6
连续,6
亲戚,6
收到,6
确认,6
早点,6
马骏,6
麻烦,6
外出,6
太多,6
送上来,6
服务水平,6
异味,6
肖科,6
换房,6
三个,6
引导员,6
大型,6
第三次,6
厨师,6
夜宵,6
哥哥,6
亮点,6
邢念红,6
点名,6
品牌,6
就近,6
下雨,6
极佳,6
无窗,6
十一,6
十个,6
李莹,6
软硬件,6
永辰,6
需不需要,6
嘈杂,6
精美,6
文化,6
拍照,6
表演,6
太慢,6
喷泉,6
门锁,6
收拾,6
一张,6
独特,6
等候,6
服务设施,6
纸条,6
长得,6
信息,6
子房,6
网评,6
简单,6
毛巾,6
调换,6
不怎么样,6
火柴,6
商圈,6
张乃新,6
颈椎,6
邵怀玺,6
十五分钟,6
老乡,6
纪艳梅,6
香蕉,6
四个,6
登记,6
郭方,6
图片,6
关注,6
房卡,6
周围环境,6
我要,6
路边,6
担心,6
努力,6
中央空调,6
茶叶,6
品种齐全,6
收费,6
纪念,6
三文鱼,6
体贴入微,6
快递,6
太远,6
史作苗,6
倒水,6
卫浴,6
魏惠英,6
行程,6
挺近,6
装潢,6
室内,6
积分,6
腊山,6
检查,6
往东,6
温柔,6
紧张,6
第一天,6
着想,6
酒店客房,6
好看,6
人多,6
有求必应,6
有没有,6
啤酒,6
名片,5
那天,5
敞亮,5
套间,5
庄燕,5
两张床,5
赶紧,5
特色菜,5
水平,5
于国瑞,5
巴烤,5
小米粥,5
超过,5
赶时间,5
夜床,5
减肥,5
庚辰,5
差评,5
市里,5
水准,5
月饼,5
不太好,5
保留,5
有待,5
开关,5
供应,5
窗帘,5
太小,5
一条,5
宽敞明亮,5
干湿,5
外地,5
万分,5
一早,5
符合,5
干燥,5
取餐,5
店家,5
欧乐堡,5
充电器,5
一大早,5
优质服务,5
打个,5
想到,5
一盘,5
杨爱芹,5
多样,5
情调,5
小齐,5
馄饨,5
深刻印象,5
走进,5
保安,5
儿子,5
家里,5
王建华,5
精神,5
集团,5
许静,5
大桶,5
开灯,5
年轻人,5
亲人,5
五一,5
上楼,5
苹果,5
堵车,5
无比,5
是因为,5
苗圃,5
明亮,5
李世杰,5
假期,5
豪华酒店,5
自动,5
开朗,5
宽厚,5
亲子,5
选址,5
回答,5
洗发水,5
床上用品,5
特色小吃,5
优良,5
住店,5
调房,5
半天,5
丹阳,5
地上,5
凤姑娘,5
卢会静,5
体会,5
芙蓉,5
水量,5
房价,5
蜂蜜水,5
自驾游,5
小乔,5
每晚,5
外观,5
千佛山,5
凌晨,5
人美,5
勤快,5
评分,5
主题,5
比价,5
常住,5
智勇,5
打扫卫生,5
有点儿,5
办理手续,5
海鲜大餐,5
老师,5
中餐厅,5
商业,5
放大镜,5
临近,5
满满的,5
导航,5
解决问题,5
到家,5
四星,5
青岛,5
显得,5
熟悉,5
防滑垫,5
杯子,5
不像,5
家居,5
会员,5
家庭,5
车辆,5
六楼,5
选在,5
临走,5
折腾,5
立交,5
半小时,5
妈妈,5
柜台,5
红绿灯,5
跑过来,5
甜点,5
入驻,5
解答,5
顺便,5
灯光,5
手写,5
之间,5
小熊,5
赶车,5
过年,5
很帅,5
办公,5
提到,5
快捷酒店,5
保证,5
女儿,5
口感,5
逛逛,5
泰山,5
挺棒,5
影响,5
本次,5
面包,5
李娜,5
很全,5
离着,5
多年,4
陈金,4
意见,4
导引,4
令人,4
姜水,4
带路,4
飞牌,4
美眉,4
认真负责,4
太好,4
充电,4
最终,4
沐浴,4
好车,4
注重,4
气质,4
品尝,4
郭芳,4
钥匙,4
彩笔,4
厕所,4
难忘,4
马路,4
块钱,4
提示卡,4
闷热,4
送过来,4
西院,4
力士,4
殷珊珊,4
洗澡水,4
有意思,4
柠檬水,4
红色,4
张崇城,4
小雨,4
耽误,4
吃海鲜,4
大唐,4
冲着,4
维修,4
公交车站,4
脚盆,4
潘建磊,4
改进,4
大小,4
点儿,4
一下子,4
准确,4
节目,4
豆浆,4
出门在外,4
恶心,4
像是,4
冰箱,4
学习,4
额外,4
预期,4
周末,4
开票,4
卫生条件,4
一住,4
一体,4
冰糖,4
侯飞飞,4
多到,4
服,4
爸妈,4
飞机场,4
安心,4
厨房,4
省会,4
偏贵,4
非常适合,4
五分,4
包含,4
聚会,4
地铁,4
最棒,4
必选,4
维护,4
生活,4
大瓶,4
十分满意,4
取消,4
来贵,4
很闷,4
许晨宇,4
换成,4
五分钟,4
谢谢你们,4
晚到,4
一块,4
橘子,4
惊讶,4
平时,4
爱心,4
送礼物,4
方便快捷,4
孔令峰,4
龙虾,4
楼道,4
想要,4
没什么,4
特此,4
服务台,4
布偶,4
通风,4
窗子,4
敬业,4
经济,4
槐荫区,4
给力,4
很旺,4
发展,4
发自内心,4
不合理,4
和蔼,4
两瓶,4
完备,4
游戏,4
足够,4
忙碌,4
软硬,4
职业,4
精致,4
火爆,4
帝王,4
应有尽有,4
各类,4
身份证,4
建新,4
生意兴隆,4
碰见,4
信赖,4
国外,4
刘素苓,4
照片,4
真诚,4
店里,4
节假日,4
照看,4
段店,4
小小,4
床上,4
最佳,4
陪同,4
吵闹,4
不用说,4
国内,4
素质,4
两家,4
待遇,4
中秋节,4
老旧,4
企业,4
徐群,4
出色,4
颜值,4
一趟,4
王静文,4
物美价廉,4
秩序,4
红糖,4
卫生状况,4
分离,4
领位,4
骄傲,4
四楼,4
方式,4
没话说,4
跟上,4
顺利,4
卡通,4
清理,4
玉婷,4
顺和,4
终于,4
海底,4
刘小姐,4
最差,4
单独,4
中秋,4
尴尬,4
真是太,4
浴盆,4
商务酒店,4
妹纸,4
玫瑰花,4
办好,4
住房,4
地理,4
见图,4
礼仪,4
箱子,4
雨,4
情满,4
女孩,4
当晚,3
半个,3
在家,3
之旅,3
产品,3
中转,3
岗位,3
强大,3
在外,3
三层,3
幸亏,3
洗手间,3
济南人,3
暖气,3
房门,3
出乎意料,3
非常高兴,3
京沪,3
主任,3
上帝,3
花样,3
三天,3
端来,3
父母,3
垃圾,3
真实,3
实习,3
饮料,3
强力,3
柠檬,3
带你去,3
外卖,3
春节,3
喝酒,3
女孩儿,3
世界,3
付费,3
董骁,3
再住,3
超时,3
搭配,3
有序,3
挡住,3
理解,3
今晚,3
有幸,3
套餐,3
吸烟,3
坐车,3
完餐,3
房费,3
精心,3
方方面面,3
无可挑剔,3
小女孩,3
明档,3
司机,3
即可,3
管理人员,3
车票,3
飞机,3
一碗,3
包子,3
闫丽霞,3
员工素质,3
高雅,3
吕桂芬,3
黑龙江,3
小妹妹,3
张吉星,3
点多,3
会常来,3
黄瓜,3
指定,3
三高,3
团队,3
豪华型,3
老花镜,3
貌似,3
地道,3
自然,3
旅客,3
十点,3
刘英,3
对不起,3
和善,3
大处,3
效率高,3
后续,3
曾炳志,3
办公用品,3
氛围,3
点半,3
指挥,3
一盒,3
小帅哥,3
周帅,3
难受,3
节省,3
疲劳,3
近期,3
晚点,3
定位,3
酒店设备,3
没带,3
名叫,3
边上,3
走走,3
游泳池,3
吸引,3
病号,3
专票,3
果断,3
桌子,3
没换,3
调节,3
表示感谢,3
加油,3
压抑,3
保险柜,3
身体,3
聚餐,3
早餐券,3
抱歉,3
自信,3
一份,3
身上,3
面带笑容,3
雨伞,3
婴儿床,3
车上,3
有用,3
无线,3
友善,3
棒极了,3
面膜,3
饺子,3
餐位,3
琳琳,3
奢华,3
早就,3
负责人,3
一宿,3
加收,3
衣帽间,3
周梦,3
修理,3
自驾车,3
打算,3
生病,3
床大,3
没法,3
吃喝,3
邢世斌,3
一个月,3
美味可口,3
举止,3
经营,3
鲜活,3
领路,3
多一些,3
妇女,3
预留,3
短发,3
一对,3
实用,3
沐浴液,3
一大,3
一套,3
出名,3
转车,3
健身,3
彭飞,3
员苏,3
一封,3
出入,3
不好意思,3
餐具,3
延迟,3
健谈,3
贾成伟,3
饮品,3
李雪薇,3
类型,3
回老家,3
很长,3
一句,3
真棒,3
灿烂,3
看病,3
王孟,3
人长,3
天然,3
做好,3
按摩,3
开发票,3
接受,3
个赞,3
暖和,3
无敌,3
偶遇,3
变化,3
独立,3
我来,3
招呼,3
吃完饭,3
娴熟,3
洗护,3
整晚,3
很深,3
喝多,3
水饺,3
巧克力,3
疙瘩汤,3
显示,3
于永晨,3
窗外,3
谈吐,3
海洋,3
结束,3
改善,3
返程,3
特惠,3
均值,3
两点,3
显眼,3
太高,3
四星级,3
走路,3
男朋友,3
很晚,3
前天,3
魔术,3
刚到,3
流畅,3
天气炎热,3
赞不绝口,3
无懈可击,3
邢士斌,3
田明阳,3
面条,3
完好,3
性格,3
氧吧,3
划算,3
服T,3
中式,3
南瓜,3
干净利落,3
价格便宜,3
答应,3
整理,3
阳光,3
拼到,3
德国,3
极致,3
老化,3
会员卡,3
心细,3
增加,3
过硬,3
服务业,3
小处,3
中国,3
小妹,3
地区,3
还加,3
眼睛,3
新人,3
刘志,3
勉强,3
原本,3
相比,3
门童,3
吃晚饭,3
宴请,3
餐饮部,3
小心,3
范玮清,3
散步,3
太软,3
洗浴,3
妹子,3
鸡蛋,3
发生,3
鲅鱼,3
闪住,3
室外,3
黄色,3
李泰宇,3
不含,3
地段,3
规模,3
几张,3
下回,3
停放,3
好感,3
舜合,3
几年,3
宾客,3
理想,3
好来,3
优势,3
会场,3
适宜,3
两张,3
时令,3
每位,3
冬天,3
有事,3
堪称,3
两包,3
道歉,3
迎上来,3
配置,3
赞美,3
非要,3
必住,3
小兔子,3
口碑,3
还收,3
不失,3
送客,3
飞飞,3
不堵车,3
哈哈哈哈,3
气氛,3
保洁员,3
领到,3
很小,3
牌子,3
王经理,3
很差,3
诚恳,3
小王,3
尽力,3
面子,3
四瓶,3
手动,3
尝尝,3
全是,3
调味,3
屋子,3
老牌,3
电动,3
每天晚上,3
烧烤,3
人好,3
偏僻,3
美观,3
人士,3
反馈,3
试试,3
咨询,3
送些,3
软件,3
认可,3
不便,3
始终,3
鲁菜,3
不二,3
好离,3
饭馆,3
营造,3
瓶装水,3
外环,3
屋内,3
少见,3
嘉奖,3
暖暖的,3
被套,2
价格公道,2
难以,2
磨破,2
美美,2
内涵,2
兼顾,2
鸽子,2
太冷,2
餐巾纸,2
快乐,2
收获,2
李芳静,2
超一流,2
温雅,2
待客之道,2
外宾,2
吹风机,2
花洒,2
部王,2
喜庆,2
极地,2
事先,2
观看,2
夜宴,2
着重,2
略远,2
之感,2
打印,2
混乱,2
精品,2
开好,2
床头灯,2
感受一下,2
喜好,2
几本书,2
太吵,2
反正,2
清芬,2
代表,2
深深,2
喜宴,2
戴眼镜,2
略贵,2
舒畅,2
递交,2
解释,2
最爱,2
如沐春风,2
体温计,2
小龙虾,2
有名,2
刘翠真,2
平台,2
一把,2
小解,2
生日礼物,2
参与,2
国庆节,2
豪华气派,2
同价位,2
捉奸,2
喝醉,2
指路,2
动车,2
试着,2
摆件,2
真好,2
个人感觉,2
大人,2
有心,2
同意,2
还会选,2
安稳,2
稍长,2
道路,2
取回,2
太差,2
急需,2
西装,2
新颖,2
李学微,2
帐篷,2
举办,2
推销,2
昨晚,2
整改,2
小辉,2
东方,2
没人,2
外国,2
坏境,2
精彩,2
分配,2
金风,2
王培培送,2
乱七八糟,2
老客户,2
热忱,2
装饰,2
此要,2
探亲,2
一站,2
桌椅,2
几分钟,2
锻炼,2
航班,2
沙拉,2
看带,2
毛绒玩具,2
好几个,2
交警,2
三位,2
格调,2
演出,2
与众不同,2
周全,2
经理人,2
专程,2
较长,2
西面,2
锻炼身体,2
王猛,2
床头柜,2
开个,2
放松,2
八间,2
严厨,2
来济,2
随到,2
森林公园,2
申请,2
别家,2
状况,2
实力,2
言语,2
剩下,2
稍远,2
红茶,2
感觉不好,2
池子,2
途中,2
洁具,2
饭点,2
交谈,2
烧烤店,2
承接,2
书籍,2
临走时,2
器具,2
乐于,2
喝茶,2
还配,2
暖炉,2
最深,2
宴会,2
同理,2
别致,2
老牌子,2
得体,2
支付,2
白天,2
爱笑,2
大声,2
蛮大,2
魏会英,2
套路,2
朱秀俊,2
小马,2
赶早,2
口近,2
刘玉滢,2
很多年,2
标注,2
点后,2
足足,2
目前为止,2
从外,2
进店,2
西餐,2
一盏,2
山东省,2
恒隆,2
区别,2
丹丹,2
点前,2
响应,2
清新,2
莉莉,2
谈谈,2
这方面,2
定下,2
这天,2
政府,2
北园,2
驾车,2
太久,2
春雨,2
金凤,2
成败,2
像家,2
等待时间,2
煤气灶,2
赵大姐,2
谦和,2
太火,2
随意,2
定点,2
总住,2
知名品牌,2
小宝贝,2
遥墙,2
多长时间,2
孙丽娜,2
陌生,2
一百分,2
查看,2
拎包,2
挺高,2
尝试,2
过生日,2
用具,2
女经理,2
欢迎信,2
想法,2
奶香,2
鲜明,2
就让,2
自主,2
这所,2
身为,2
不^,2
不适,2
客服部,2
路程,2
正确,2
放到,2
卫生设施,2
连锁店,2
混沌,2
相遇,2
不e,2
明年,2
姑凉,2
秀婷,2
跟不上,2
炎炎夏日,2
美声,2
通知,2
赢得,2
我点,2
更有意义,2
贵在,2
看望,2
排骨,2
一部分,2
刚开,2
出入口,2
落脚,2
永远,2
刘素玲,2
迷路,2
偏远,2
万法庆,2
包括,2
开着,2
庆幸,2
乘车,2
上班,2
儿童房,2
最舒服,2
包房,2
蒸笼,2
李起,2
运送,2
果汁,2
只不过,2
祝舜,2
洗漱间,2
前一晚,2
只好,2
听见,2
调调,2
两间,2
还算,2
床头,2
井然有序,2
北方,2
高水平,2
聊天,2
一次性,2
很脏,2
我留,2
后会,2
玉莹,2
晾衣服,2
刷卡,2
精挑细选,2
四百多,2
当之无愧,2
观察,2
仓库,2
工资,2
多家,2
大海,2
跟进,2
听闻,2
之喜,2
张震帮,2
踏实,2
大牌,2
坐电梯,2
泡茶,2
瞬间,2
长假,2
一堆,2
王双,2
笑脸迎人,2
礼节,2
真想,2
圣诞,2
步步,2
延误,2
中秋佳节,2
单人床,2
冲剂,2
宣传,2
一夜,2
静王,2
楼房,2
连住,2
试住,2
瓶装,2
淡季,2
餐区,2
做事,2
阅读,2
没用,2
出口,2
没电,2
人来,2
很香,2
物件,2
太早,2
打扰,2
怎么回事,2
真有,2
水温,2
定时,2
私人,2
饮食习惯,2
三次,2
第四次,2
一层,2
淋雨,2
呼吸,2
当做,2
整体素质,2
没睡,2
受宠若惊,2
内容,2
至少,2
惊艳,2
胸前,2
桌上,2
乐意,2
水池,2
出乎意外,2
一到,2
注意事项,2
啊啊啊,2
无意,2
三星,2
花圃,2
软软,2
一会儿,2
离方特,2
花园,2
愉悦,2
香甜,2
紧靠,2
停车费,2
两间房,2
笑脸相迎,2
省心,2
香皂,2
一倍,2
容纳,2
喝咖啡,2
预约,2
不近,2
客户关系,2
反味,2
只住,2
多个,2
没窗,2
写信,2
橙汁,2
值得称赞,2
之店,2
一出,2
嘴脸,2
一圈,2
引路,2
玩完,2
一场,2
不耐烦,2
第一眼,2
素养,2
敲门,2
不让,2
马马虎虎,2
青菜,2
牙具,2
公共设施,2
逗留,2
小伙伴,2
李启超,2
车场,2
为数不多,2
不虚此行,2
再见,2
认真仔细,2
关系,2
鲜艳,2
成功,2
厘米,2
一进店,2
提前准备,2
一点点,2
常巧,2
尤为,2
价钱,2
格局,2
算不上,2
收银,2
速度慢,2
李放,2
必来,2
温和,2
人民,2
固定,2
胡涛,2
相对来说,2
合并,2
住客,2
王培,2
同档次,2
有面,2
会展中心,2
是从,2
粉色,2
初次,2
赵翠赞,2
搞定,2
弥补,2
拉着,2
细腻,2
常备,2
心贴心,2
来巴烤,2
舒适感,2
忽悠,2
忙前忙后,2
程度,2
细节决定,2
洗衣服,2
下班,2
还会定,2
吕姓,2
没见,2
优美,2
拼在一起,2
炒菜,2
香薰,2
祝您,2
心意,2
升级成,2
玉柳,2
陈晓雨,2
动作,2
单位,2
单人,2
干干净净,2
至极,2
备至,2
营销部,2
良心,2
纯净水,2
茉莉花茶,2
冰镇,2
帮拿着,2
好久,2
上门,2
高价,2
蛮近,2
二层,2
震撼,2
前往,2
最起码,2
平均,2
从进,2
热情帮助,2
嗓子,2
食用,2
着实,2
困难,2
高峰期,2
办法,2
三遍,2
常去,2
订好,2
毫不犹豫,2
小份,2
考察,2
通道,2
尚可,2
提着,2
西红柿,2
地好,2
控制,2
w,2
比住,2
房务,2
女生,2
中心,2
步行,2
外表,2
个性,2
喧哗,2
太脏,2
旅途,2
温柔体贴,2
小区,2
形象,2
浴巾,2
开过,2
办点,2
玻璃,2
暑假,2
嘀嘀,2
交代,2
无亮点,2
大雨,2
表现,2
创可贴,2
M意,2
领着,2
人太多,2
看得见,2
去取,2
清净,2
崆,2
好听,2
利索,2
级别,2
推介,2
西口,2
外边,2
上车,2
瑕疵,2
段距离,2
气味,2
中外,2
超帮,2
付出,2
地带,2
旗下,2
离得,2
整点,2
去年,2
新年快乐,2
歇脚,2
房子,2
小姚,2
小姑,2
送达,2
房嫂,2
透气,2
糕点,2
李翠,2
覆盖,2
搬运,2
规则,2
淡淡的,2
缺憾,2
又定,2
尹平文,2
帮提,2
楼梯,2
凑合,2
志悦,2
理念,2
灰常,2
却是,2
好奇,2
白领,2
贾玉娟,2
纸巾盒,2
穿点,2
第二个,2
方法,2
留言条,2
改为,2
幽静,2
老婆,2
很火,2
餐桌,2
服蘸,2
淋浴间,2
赠品,2
仔细认真,2
太赞,2
就订,2
泡澡,2
下榻,2
幽雅,2
酒楼,2
遇上,2
一人份,2
高峰,2
舒适度,2
卧室,2
新潮,2
四天,2
快速,2
购买,2
老妈,2
数据线,2
北面,2
买点,2
送回,2
重名,2
霍宣锦小,2
吃不完,2
两大,2
长时间,2
来时,2
停下,2
闭餐,2
清晰,2
小悦,2
一行,2
京福高速,2
购物广场,2
对外,2
王玉娟,2
毛病,2
烟台,2
跑前跑后,2
气息,2
四通八达,2
刘敏敏,2
无与伦比,2
拼成,2
邢庆玲,2
第一个,2
王蕊,2
烟味,2
年夜饭,2
东边,2
崭新,2
大美女,2
叫个,2
大型商场,2
部门,2
高有,2
车费,2
部长,2
发烧,2
饮用水,2
高跟鞋,2
落下,2
停不下,2
心中,2
姓氏,2
嘻嘻,2
架子,2
娱乐,2
没吃过,2
一贯,2
缺少,2
一赞,2
差旅,2
添加,2
人美心,2
授权,2
绿地,2
搭理,2
协议,2
第一印象,2
繁多,2
本地人,2
典雅,2
家具,2
代收,2
合作伙伴,2
赵姐,2
期望值,2
提了,2
两只,2
两双,2
个子,2
关不上,2
邵帅,2
清洗,2
神马,2
下单,2
装扮,2
一系列,2
糖果,2
不带,2
冷冰冰,2
姗姗,2
食品,2
简约,2
油条,2
类似,2
还放,2
点赞王,2
四次,2
气温,2
k理,2
小河,2
角度,2
杨晓乾,2
关切,2
逛街,2
阿科博,2
冬冬,2
意想不到,2
注意安全,2
暖风,2
订房间,2
齐备,2
妥善,2
吃水果,2
桥去,2
医院,2
理由,2
赵文杰,2
好王,2
张雨人,2
合格,2
乘坐,2
叫好,2
红枣,2
几位,2
差点,2
副经理,2
画纸,2
人手不足,2
提名,2
人少,2
电话号码,2
饮食,2
字数,2
已然,2
时尚,2
单点,2
感冒药,2
之选,2
景观,2
站台,2
国瑞,2
字条,2
装置,2
电视剧,2
二是,2
兑换,2
好用,2
拼盘,2
七八分钟,2
感谢您,2
商旅,2
征询,2
交流,2
胸牌,2
统统,2
认出,2
害怕,2
潮湿,2
送上,2
送个,2
多谢,2
经历,2
一体化,2
选错,2
里边,2
下个,2
一遍,2
防盗链,2
部齐吉超,2
吃住行,2
口渴,2
来会,2
钥匙环,2
神话,2
闫仁君,2
二次,2
常来,2
分数,2
后半夜,2
高效率,2
心善,2
两大瓶,2
免费送,2
千万别,2
就加,2
专属,2
哈尔滨,2
隔壁,2
刚来,2
餐馆,2
拼缝,2
土豪,2
淋浴房,2
帘子,2
跑上跑下,2
顺心,2
赵翠赞赞,2
创口,2
推来,2
尽心,2
餐食,2
无妨,1
平安,1
定做,1
贴纸,1
再来点,1
这几年来,1
这年头,1
凳子,1
七星,1
窍,1
线上,1
只用,1
公路,1
换洗,1
太值,1
挺快,1
画质,1
巴考,1
新闻,1
正应,1
纸张,1
离西,1
睡过,1
胡建欣,1
好几年,1
修好,1
一款,1
相差近,1
看个,1
外墙,1
谢谢您,1
这时候,1
有助,1
做出,1
安眠,1
几样,1
称道,1
墙上,1
崇城,1
大开眼界,1
名牌,1
逆天,1
我头,1
总服务台,1
看人,1
经济型,1
舵手,1
出整,1
吃螃蟹,1
还记,1
能比,1
改造,1
边沿,1
渔网,1
记不太,1
定制,1
水够,1
有小份,1
丰常好,1
尊贵,1
李迪帮,1
前途,1
餐时,1
还会常来,1
赞陈,1
群众,1
功夫,1
小事,1
萝卜,1
比较烦,1
不必要,1
太厚,1
清蒸,1
咽喉,1
村里,1
哥们,1
开床,1
凭票,1
车次,1
负数,1
苗条,1
专业性,1
样样,1
有,1
眼花缭乱,1
纸巾,1
啥样,1
外地人,1
送马启云,1
书桌,1
比较复杂,1
大热天,1
当成,1
婚房,1
匆忙,1
日常,1
但同,1
越级,1
芝士,1
饰品,1
赞送,1
炎热,1
排气扇,1
比高,1
脚桶,1
超越,1
一个个,1
申先生,1
元素,1
极具,1
张倦,1
下着雨,1
睡不开,1
非常容易,1
外大,1
弟弟,1
满振祥,1
打动,1
带车,1
查出,1
忙不过来,1
平常,1
配送,1
张震崇城,1
后期,1
一站式,1
错过,1
坐落,1
收台,1
游乐区,1
升装,1
股务员,1
科勒,1
酒店用品,1
之情,1
正宗,1
熏烤,1
稀里糊涂,1
死难,1
智能,1
三声,1
配合默契,1
小白伞,1
不一会儿,1
播放器,1
少点,1
代订,1
夜市,1
品味,1
睡衣,1
房g,1
刘志悦会,1
长期,1
服务部,1
异常,1
倒车,1
我带,1
公认,1
概括,1
事后,1
小虫,1
上应,1
中西,1
好菜量,1
之手,1
幸福感,1
雨淋,1
忌口,1
有过之而无不及,1
堪称一绝,1
生张,1
微偏,1
为大床,1
不大熟,1
男生,1
交通枢纽,1
礼仪之邦,1
一对一,1
卖点,1
打开,1
床挡,1
极少,1
宣瑾,1
鼠标垫,1
不利于,1
便利店,1
黄凯丽,1
顶赞,1
水单,1
那句,1
有加,1
牛肉面,1
掉皮,1
收纳盒,1
民俗,1
专职人员,1
无线网络,1
神秘,1
这下,1
这一,1
打火机,1
碰运气,1
风冷,1
信封,1
冷气,1
有大床,1
近点,1
回事,1
雀巢,1
宰人,1
轻生,1
这件,1
总机,1
密封,1
太太,1
喜结连理,1
能手,1
恰当,1
烤羊,1
灵活,1
极干,1
内有,1
预付,1
我动,1
有如,1
屋子里,1
芭比娃娃,1
尹霞,1
不太大,1
蚊香,1
隐形眼镜,1
阿海,1
光送,1
扑克牌,1
定期维护,1
很浓,1
吉祥物,1
已达,1
我刚,1
要点,1
有大,1
抽出来,1
大气磅礴,1
雷声,1
皮皮虾,1
不加床,1
内景,1
我取,1
张帮,1
规范,1
放置,1
冷清,1
人情味,1
吴锡昌,1
懈怠,1
极强,1
给予帮助,1
皇位,1
折扣,1
指甲刀,1
拖家带口,1
拜托,1
上前,1
顿饭,1
弟兄,1
被动,1
好觉,1
大力发展,1
其他费用,1
定居,1
风景名胜,1
菜肴,1
不短,1
开元,1
张大,1
按原,1
异响,1
大份,1
小贾,1
黄褐色,1
那块,1
小路,1
一暖,1
风味,1
大个,1
美玉,1
猪蹄,1
玻璃门,1
八公里,1
讨人厌,1
打错,1
操心,1
浏览,1
补丁,1
太少,1
咋样,1
念念不忘,1
一有,1
小象,1
床是,1
董和姓,1
王红秋,1
庆祝,1
有店,1
小调,1
响亮,1
各式各样,1
一枚,1
看得出,1
椅子,1
大众,1
晃动,1
顾虑,1
巧遇,1
投诉,1
请问,1
右手边,1
焦急,1
新风,1
十来,1
发飙,1
推理,1
干活,1
滋润,1
优惠价,1
意见反馈,1
正规,1
真让人,1
换掉,1
今日,1
黑色,1
冰块,1
随便,1
太度,1
日后,1
闹心,1
菊花,1
舍得,1
异国,1
道边,1
防蚊,1
广东,1
咳嗽,1
清晰度,1
点睛之笔,1
张宇,1
抖动,1
中肯,1
没住,1
给钱,1
雅致,1
舒然,1
头疼,1
封闭,1
物不所值,1
虽小,1
胡建敏,1
好好看,1
路南,1
巡逻,1
好赞,1
稳妥,1
疏散,1
肉品,1
高贵,1
一旁,1
圆桌,1
贵点,1
四十九,1
加快,1
碰上,1
桌椅板凳,1
坐落于,1
各有,1
总统,1
中餐馆,1
吕桂芳服,1
单间,1
拿药,1
镇住,1
算作,1
铺上,1
爆满,1
从办,1
始终保持,1
三九,1
房源,1
特别之处,1
省略,1
即到,1
最早,1
六星级,1
从刚,1
离西环,1
新鲜空气,1
板着脸,1
高速公路,1
大厦,1
奖励,1
进口,1
办事效率,1
远在他乡,1
朋游,1
澳洲,1
均衡,1
香巾,1
比^,1
没水,1
搞不清楚,1
一段路,1
春香,1
合在一起,1
一篇,1
Fe,1
冻醒,1
多放,1
最最,1
随口,1
熨烫,1
内置,1
先说,1
房客,1
房里,1
付钱,1
冷眼,1
阵阵,1
低调,1
借口,1
写明,1
菜鸟,1
好常来,1
端午节,1
营业项目,1
随叫随到,1
观景,1
卢会,1
优惠券,1
比较慢,1
密码,1
密密麻麻,1
操作失误,1
没加,1
陌生人,1
天天,1
花样繁多,1
一大截,1
搭车,1
比赛,1
进出,1
备好,1
大写,1
员田广松,1
这名,1
遗漏,1
邮寄,1
推卸责任,1
最晚,1
质量保证,1
很崆,1
这哈,1
没到,1
充气,1
四人座,1
论克卖,1
赞吕文聪,1
也许,1
写条,1
还会远,1
金嗓子,1
郁闷,1
绿豆汤,1
煤气管,1
说得过去,1
第几次,1
教给,1
姓解,1
幸好,1
元气,1
洒店,1
弹琴,1
那位,1
订舜,1
褥子,1
王福员,1
前一天,1
一红,1
忐忑,1
这句,1
百分之十,1
高阶,1
一线,1
商务活动,1
票价,1
发自,1
依好,1
公主,1
十多分钟,1
布草,1
苏荣路,1
扣除,1
玩玩,1
宋祥龙,1
进城,1
随和,1
总算,1
爱琴,1
遇到困难,1
常见,1
传递,1
殷勤,1
交车,1
冷热,1
没吸,1
端上来,1
资源共享,1
那份,1
应季,1
种种,1
最想,1
我存,1
洁净,1
弧度,1
看好,1
唯独,1
大咀,1
胃痛,1
王新镜,1
值得一提,1
范伟清,1
体育,1
回再,1
加好,1
内飘着,1
耗费,1
精心策划,1
再大点,1
瑕不掩瑜,1
海鲜酒楼,1
台风,1
安慰,1
大喝,1
著名景点,1
用户,1
牙碜,1
痦子,1
住行,1
飞扬,1
和蔼可亲,1
举动,1
房鑫,1
修修,1
部有,1
组和,1
好闻,1
升高,1
男服务员,1
拍图,1
想必,1
浪费,1
受过,1
卡童,1
实归,1
乾Q,1
敬酒,1
回弹,1
打伞,1
十多次,1
南二环,1
商务旅行,1
下水道,1
隐隐约约,1
年前,1
经不起,1
开心果,1
七绕,1
菲菲,1
台面,1
霍宣瑾,1
年代,1
俩家,1
王示,1
没好,1
回忆,1
俩宝,1
高驾,1
多水,1
香味,1
生李莹,1
在,1
记下,1
临沂,1
刚一进,1
暗示,1
杠杠,1
美景,1
压缩机,1
网友,1
店内,1
独居,1
坏人,1
看图,1
订过,1
用法,1
小食,1
多一晚,1
大学,1
竞争力,1
一个包,1
丝毫,1
雨点,1
部有位,1
为名,1
执行,1
发车,1
户型,1
一灯,1
纯棉,1
嘱咐,1
发达,1
画面,1
认真对待,1
十二,1
映像,1
斜坡,1
合肥,1
摔下来,1
文明,1
叠好,1
周姓,1
宗旨,1
等物,1
取用,1
住宿费,1
保养,1
拒绝,1
职高,1
张志悦,1
大姨,1
陈设,1
包厢,1
雪梨,1
年三十,1
天热要,1
房顶,1
天冷,1
信件,1
文杰,1
霍煊,1
工艺品,1
吃掉,1
行船,1
便签,1
金壁辉煌,1
单首,1
很安o,1
摆好,1
详细情况,1
条来,1
直率,1
关门歇业,1
咖喱鸡,1
难免会,1
形象气质,1
进度,1
称赞,1
北向,1
赵兰芬,1
腿脚,1
大面积,1
宰客,1
起步价,1
好孩子,1
大幸,1
近日,1
手机号,1
童鞋,1
午茶,1
事业,1
南方,1
赵兰英,1
儒家,1
头枕,1
公道,1
前边,1
财富,1
区分,1
快到,1
一眼,1
品位,1
菏泽,1
喷水,1
推],1
没定,1
停满来,1
洗澡时,1
姓乔,1
改过,1
吴帮,1
亮眼,1
登山,1
点到,1
好感度,1
市场部,1
三星级,1
一条龙,1
刘志悦和绍,1
回复,1
顾问,1
干练,1
经小乔,1
没得,1
张震点,1
中途,1
大哥,1
描述,1
热热闹闹,1
吕贵芳,1
水床,1
客员小潘,1
太乱,1
好地解决,1
备品,1
没开,1
堪赞,1
太安静,1
明星,1
今生,1
文成,1
虚假,1
无所事事,1
明智,1
匹配,1
一瓶,1
豪爽,1
静心,1
周尧,1
没床,1
追要,1
第讲,1
香及,1
忘不了,1
事件,1
交界处,1
要收,1
咳嗽药,1
套装,1
爱人,1
第二趟,1
烧饼,1
好多天,1
机器,1
疑问,1
天使,1
小黄,1
二十元,1
连接,1
爬山,1
做作,1
商超,1
葡萄,1
绅士,1
回声,1
年终奖,1
首播,1
涨价,1
连小,1
营业,1
手脚,1
赵翠超,1
荞麦,1
水管,1
张震人,1
向前,1
范玮琪,1
节约用电,1
经济实用,1
事物,1
高新区,1
开卡时,1
厦门,1
真爽,1
脏兮兮,1
大战,1
香水,1
五年,1
伙食,1
算了算,1
采光,1
爱不腻,1
进房,1
一百倍,1
张门卡,1
小猫咪,1
靖文,1
一分钟,1
房大,1
接人,1
一分钱,1
实景,1
鲜掉,1
土司,1
场所,1
下错,1
游购,1
烟酒,1
接电话,1
各个方面,1
问询,1
兄弟,1
凉风,1
善良,1
沈阳,1
亲戚朋友,1
热咖啡,1
开缝,1
实属,1
人超,1
下降,1
饰物,1
电器设备,1
赵翠远,1
面试,1
过路,1
家常便饭,1
赶不上,1
来面,1
语气,1
学业,1
吃不饱,1
多分钟,1
续住,1
独有,1
内侧,1
郑魏军,1
选中,1
这一晚,1
五层,1
妥当,1
芭比,1
财旺,1
刘秀婷接,1
大楼,1
怕人,1
机灵,1
C,1
取票,1
披萨,1
行动不便,1
换个,1
聊城,1
浓厚,1
煮面,1
变为,1
看法,1
头天,1
大意,1
跨来跨去,1
酒钱,1
同价,1
加水,1
但王,1
很软,1
妥妥,1
沙坡头,1
一丝,1
谅解,1
带回去,1
白来,1
锁定,1
若有,1
再,1
周村,1
安利,1
于春香,1
如潮,1
放假,1
状态,1
一人,1
见过,1
祝贵,1
针头线脑,1
关顾,1
东侧,1
十一点,1
一点钟,1
对齐,1
能住,1
热死,1
泡面,1
保存,1
至上,1
以身作则,1
烫机,1
场景,1
麻利,1
遗失,1
真真,1
南向,1
旗舰店,1
多元,1
会静,1
身份,1
叫,1
嫌疑,1
不送,1
硬邦邦的,1
收太多,1
滑稽,1
我续,1
各大,1
被罩,1
提示条,1
基督教,1
一次次,1
登机,1
暖色调,1
没来,1
空间感,1
森林,1
鸡翅,1
奇差,1
见谅,1
楼白,1
上级,1
内田广松,1
问起,1
明快,1
不过如此,1
用到,1
靠西,1
开窗,1
五天,1
有条不紊,1
忘带,1
田光松,1
附上,1
鼓励,1
围栏,1
胖胖,1
枸杞茶,1
一饱口福,1
来来往往,1
盘好,1
O施,1
物台,1
区有,1
和暖,1
放小,1
喷头,1
总得,1
美坏,1
门迎,1
逛商场,1
处于,1
处事,1
悠闲自得,1
按着,1
抽到,1
大葱,1
三百,1
讲究,1
火警,1
个餐,1
待客,1
少不了,1
真算,1
寄存,1
房屋内,1
指数,1
一大堆,1
准们,1
偏软,1
入座,1
有窗,1
头发,1
下功夫,1
一切都是,1
晕乎乎,1
脏脏,1
英语口语,1
当作,1
正真,1
五场,1
刘志锐,1
有空,1
满量,1
取现,1
客运,1
神奇,1
典型,1
米老鼠,1
途经,1
玩住,1
必践,1
头一回,1
衣物,1
递接,1
会飞,1
卡纸,1
手忙脚乱,1
雨夹雪,1
不知情,1
试一下,1
不远处,1
叮嘱,1
不论是,1
结识,1
滴赞,1
韭常好,1
有神,1
年糕,1
说真的,1
孙龙家,1
贴合,1
客户服务,1
大半夜,1
削好,1
差异化,1
超给力,1
张羽,1
洗衣,1
把门,1
排风,1
之乡,1
腊八粥,1
早市,1
英语,1
鲜榨,1
艾特,1
现代化,1
那点,1
卫生标准,1
保温杯,1
一封信,1
观影,1
夜班,1
聊得,1
环节,1
解冻,1
祝给位,1
最多,1
由衷,1
无疑,1
华丽,1
美即,1
专用道,1
飞好,1
用处,1
西挺近,1
副理,1
厝,1
像样,1
贴切,1
住宅小区,1
涵养,1
直梯,1
免票,1
找错,1
顺路,1
睡不着,1
过节,1
应接,1
专车,1
吵杂,1
华住,1
基础,1
快速路,1
放好,1
未记,1
尽责,1
缺陷,1
吉超,1
适逢,1
打窗,1
冯柏玲,1
华侨,1
看报,1
多备,1
贴心朋友,1
几句话,1
我用,1
太紧,1
商务会议,1
多大,1
多一分,1
几道,1
慎重考虑,1
摔下去,1
蒜蓉,1
烤完,1
太细,1
张乐及,1
三点,1
朝气蓬勃,1
钱订,1
晓敏,1
创建,1
品类,1
从腊山,1
秀发,1
冲上,1
但经,1
定型,1
李如月,1
现金,1
新来,1
具好,1
效区,1
有缘分,1
打破,1
请勿打扰,1
安好,1
其他人,1
恶劣,1
挺火,1
千元,1
坐车到,1
太美,1
亲们,1
想来,1
临走前,1
好不容易,1
闫府,1
黄金,1
大洋,1
差异,1
茉莉花,1
办越,1
默契,1
区想,1
喜爱,1
迎送,1
丝巾,1
刘玉婷,1
回看,1
分隔,1
李云龙,1
讲述,1
胃口,1
静点,1
大爷,1
大爱,1
降温,1
五个,1
出城,1
下个月,1
荒凉,1
并未,1
流行,1
宽大,1
手里,1
公交线路,1
值钱,1
疏导,1
没点,1
到访,1
款式,1
冰桶,1
便选,1
洁癖,1
怡人,1
一室,1
由内而外,1
款待,1
喜气,1
潘芬,1
每顿,1
名头,1
王倍,1
上桥,1
床够,1
甄选,1
省城,1
连上,1
睡懒觉,1
@次,1
连个,1
自备,1
大热,1
顺口,1
孔府,1
方便使用,1
更赞,1
提过来,1
昨天夜里,1
亮堂,1
深夜,1
提问,1
闺蜜来,1
骗人,1
导游,1
一声,1
办酒,1
必需,1
还脏,1
禁不住,1
山区,1
隆重,1
加糖,1
餐后,1
运行,1
人流量,1
室内空气,1
崩赠,1
误入,1
月份,1
现象,1
够快,1
门铃,1
集体,1
飒爽英姿,1
天禧,1
旅途愉快,1
引荐,1
使者,1
其大,1
皂盒,1
细看,1
车子,1
八点半,1
阿吉,1
小盆友,1
公交系统,1
露天,1
网线,1
接客,1
一带,1
当初,1
婴儿,1
爽爽,1
胡湫晗,1
双胞胎,1
要个,1
对过,1
大盘,1
一年,1
供暖,1
西餐厅,1
一床,1
雨带,1
颜色,1
一座,1
坏掉,1
寻求,1
有条理,1
殷珊,1
不是太好,1
谐和,1
餐台,1
催促,1
餐口,1
打了个,1
风水,1
大闸蟹,1
幸福,1
味好,1
样式,1
上海,1
桂花,1
晚安,1
活动场所,1
这片,1
故障,1
自带,1
太旧,1
冰水,1
培小盆友,1
但敢,1
陈姑娘,1
过高,1
机智,1
指示,1
推倒,1
影院,1
离不开,1
冯远会,1
热情洋溢,1
一律,1
灭蚊器,1
水渍,1
很开,1
打折,1
乳鸽,1
概况,1
高素质,1
嗖嗖,1
伸出,1
起码,1
凡事,1
了不得,1
假日,1
羡慕,1
当值,1
可调,1
一小,1
车库,1
还选,1
闲死,1
店大欺客,1
再用,1
查房,1
酸梅汤,1
协商,1
水深,1
省去,1
暖水袋,1
楼有,1
一岁,1
从济西,1
护顶,1
对贵,1
好去处,1
热腾腾,1
太晚,1
桌位,1
枣庄,1
相聚,1
小月悦,1
干嘛,1
两边,1
水流,1
南侧,1
酥脆,1
角落里,1
徒弟,1
看硬,1
火车票,1
江西,1
靠餐,1
选定,1
元位,1
南下,1
宽度,1
省力,1
背后,1
好几样,1
小房间,1
张震好,1
参照,1
三楼,1
孔子,1
车开,1
吱呀呀,1
太杂,1
儿童乐园,1
对象,1
暖意,1
太有,1
接待处,1
困惑,1
旅程,1
几块钱,1
大窗,1
太棒,1
张肖华,1
出租,1
七年,1
东北,1
有赠,1
打点滴,1
分公司,1
三晚,1
生怕,1
肚子饿,1
帮人订,1
一分货,1
so,1
自取,1
地址,1
郝允强,1
致谢,1
送过,1
一包,1
自制,1
部田广松,1
肠胃,1
相迎,1
陈晓敏,1
加盐,1
长途汽车站,1
一升,1
骂街,1
面都,1
责任感,1
张震来,1
危险,1
安保,1
一厅,1
娱都,1
再就是,1
三条,1
报警,1
刘志悦悦,1
秦金,1
一只,1
不谈,1
误导,1
没管,1
电源插座,1
房务范为,1
问寒问暖,1
父女,1
夜房,1
弄湿,1
多人,1
人点,1
私家菜,1
材料,1
夸张,1
价格比,1
叫醒,1
平易近人,1
碘酒,1
写个,1
风扇,1
打消,1
天热,1
一番滋味,1
上上下下,1
礼让,1
学习效果,1
有十来,1
最为,1
名如其人,1
针线盒,1
孙龙,1
我接,1
一入,1
姜糖水,1
一共,1
多余,1
机械,1
暗室,1
下过,1
最亮,1
粉粉,1
建设,1
闲暇,1
县政府,1
T肖珂,1
最令,1
削断,1
惹不起,1
绿茶,1
绿茵,1
没订,1
那有,1
上方,1
之处,1
牙口,1
天下第一,1
度假,1
很邦,1
端午,1
怕冷,1
百问不厌,1
男人,1
维修保养,1
见面,1
西二环,1
圈得,1
强制保险,1
房g,1
早些时候,1
创造,1
关联,1
失眠症,1
偏高,1
人文,1
太深,1
抽水马桶,1
轰轰,1
送该,1
感X,1
刘继红为,1
自助式,1
脚凳,1
日本,1
消毒,1
十二点,1
当季,1
仪祥,1
管理员,1
生日,1
参加考试,1
管用,1
尤敏点,1
水是,1
七对,1
良好环境,1
拉近,1
乱说,1
七家,1
一吃,1
目测,1
施工,1
不说,1
一向,1
双份,1
来评,1
停,1
慕名而来,1
餐处,1
动凯丽,1
好不好,1
放进去,1
没见识,1
龙头,1
家里人,1
风景,1
之家,1
违背,1
疙瘩,1
对得起,1
小女生,1
京城,1
冰柜,1
冒雨,1
有活,1
精湛,1
护送,1
选取,1
跑出去,1
引进,1
借给,1
次数,1
营养,1
想着,1
跟踪服务,1
七夕,1
热热,1
道理,1
备用,1
保险箱,1
问问,1
交通事故,1
过道,1
总儿,1
心静,1
播放,1
节因,1
有水,1
耳朵,1
很沉,1
骑车,1
点近,1
枕着,1
拥挤,1
赞哒,1
更美,1
表杨,1
电脑房,1
游泳,1
仿佛,1
电机,1
慢慢腾腾,1
阻碍交通,1
厕卫,1
晚些,1
茶点,1
发脾气,1
真不多,1
精选,1
富裕,1
永晨,1
欠妥,1
向东,1
祝你们,1
弄错,1
一扫而空,1
刚觉,1
前去,1
李李,1
董做,1
试试看,1
某爵,1
没能,1
上卷,1
刘姓,1
好了吗,1
耳鼻喉,1
配合,1
改变,1
极闷,1
赶过来,1
打雷,1
电视信号,1
清清楚楚,1
关怀备至,1
受不了,1
榜样,1
不理,1
吴艳,1
较贵,1
分组,1
给家,1
不知,1
携带,1
海洋馆,1
落落大方,1
闺女,1
手指,1
模式,1
夏季,1
很满,1
顶太高,1
流程,1
陈剑,1
顺手,1
格式,1
辜负,1
常年,1
总以为,1
为贵,1
范玮青,1
蓬蓬,1
发布,1
电视机,1
不盖,1
照样,1
黄花鱼,1
三分钟,1
美丽大方,1
点赞尹,1
分工,1
爱岗敬业,1
儿童医院,1
请客,1
线路,1
公仔,1
畅通,1
两站,1
坚持到底,1
公事,1
李方,1
画个,1
想识,1
佩服,1
看球赛,1
脏污,1
不可多得,1
之家订,1
好极了,1
光度,1
情商,1
无线网,1
订制,1
订到,1
令人感动,1
游戏机,1
哦哦哦,1
伟清,1
略低,1
兜圈,1
独角兽,1
破烂货,1
大虾,1
米左右,1
担保,1
原始,1
于国,1
带个,1
r比,1
带上,1
毛发,1
太闹,1
正门,1
尽散,1
帮别人,1
延住,1
针线,1
指挥车,1
大不如前,1
定错,1
乜好,1
想起,1
期望,1
陪伴,1
供应商,1
繁琐,1
火星,1
杂货铺,1
称呼,1
屋檐,1
带位,1
缺斤少两,1
常好,1
炎症,1
急忙,1
受凉,1
叫小芳,1
围观,1
住处,1
敬佩,1
赞助,1
全名,1
流线,1
结构,1
二十分钟,1
图示,1
吃个,1
发卡,1
红包,1
送点,1
预料,1
商品,1
军人,1
炒超,1
合口味,1
吉星,1
参考,1
椅送,1
地位,1
护栏,1
长得帅,1
该店,1
超乎,1
解文娟,1
任张,1
口号,1
高质量,1
还交,1
骑行,1
管理体系,1
吃玩,1
吉林,1
便是,1
半小,1
并不需要,1
有钱,1
王福云点,1
刘强,1
相熟,1
全方位,1
地下,1
有问必答,1
挑剔,1
地为,1
调查,1
新加,1
此店,1
威化,1
不足之处,1
优点,1
现磨,1
线要,1
表情,1
一点儿,1
合到,1
吕姐,1
发夹,1
泳池,1
沐浴露,1
嘴甜,1
完张,1
心态,1
攻略,1
震惊,1
人有,1
八个,1
过本,1
蛋挞,1
偌大,1
商务人士,1
花露水,1
润物无声,1
祝愿,1
钱包,1
烧上,1
楼顶,1
主与客,1
四五,1
震感,1
几瓶,1
曹瑞资,1
董事长,1
主楼,1
水垢,1
童大哥,1
先停,1
较久,1
签条,1
夜里,1
走时,1
第二家,1
楼梯口,1
靠枕,1
较乱,1
苏杭,1
帅帅,1
淡香,1
蒙牛,1
年龄,1
大大小小,1
商家,1
市内,1
里里外外,1
西侧,1
已住,1
肚子,1
讲卫生,1
原地,1
漂亮妹妹,1
加薪,1
没说,1
没读,1
烫衣,1
徐晨雨,1
精髓,1
比同,1
厨艺,1
补补,1
喜静,1
事项,1
很显,1
评为,1
中西餐,1
吓人,1
快递费,1
参谋,1
邀请函,1
人数,1
大街,1
畅饮,1
再要,1
条理,1
按键,1
朝气,1
说不上来,1
宴会厅,1
凉爽,1
媳妇儿,1
狂欢节,1
电池,1
S富,1
太淡,1
亲和力,1
口往,1
购娱,1
按钮,1
听清,1
平民化,1
魏点,1
专业培训,1
时提,1
总得来说,1
就会亮,1
李小姐,1
单一,1
达标,1
十二生肖,1
含糊不清,1
酒精,1
可自点,1
每批,1
郭东梅,1
前庭,1
坑人,1
梁珊珊,1
好下,1
每日,1
迟疑,1
务必,1
存档,1
制作,1
喜酒,1
实话,1
家用,1
来来回回,1
万里,1
最爱住,1
好些,1
热茶,1
差价,1
平静,1
商店,1
笑脸,1
张馨,1
第一晚,1
例外,1
美味佳肴,1
好会,1
全开,1
金色,1
儿童座椅,1
房产,1
窒息,1
大连,1
成正比,1
虾肉,1
两份,1
评估,1
一体机,1
这订,1
夜间,1
抽奖,1
熟人,1
吩咐,1
市中心区,1
房为,1
相符,1
大车,1
赞好,1
忍心,1
王培培点,1
手法,1
很慢,1
关照,1
套套,1
视野,1
酸牛奶,1
必去,1
间隙,1
住免,1
多来,1
看脚,1
刮掉,1
转天,1
走心,1
双截棍,1
撑开,1
面有,1
不符,1
丰富多彩,1
查验,1
阳光灿烂,1
摆设,1
成双床,1
不笑,1
旅游车,1
好几遍,1
国人,1
送科,1
打游戏,1
再也,1
刘在,1
区位,1
人情,1
小仪,1
二张,1
稳定,1
硕大,1
醉蟹,1
通透,1
窗口,1
俩个,1
窗台,1
太能,1
员有,1
闹市区,1
起家,1
酒杯,1
工牌,1
分享,1
小儿,1
第一站,1
超多,1
热太多,1
刘继红周,1
差别,1
被褥,1
但胜,1
地处,1
搞乱,1
人文环境,1
有范,1
不改,1
台式,1
以往,1
挺远,1
堪比,1
带娃,1
差劲,1
太老,1
不擦,1
春天,1
楼上楼下,1
我觉,1
浴帘,1
老同学,1
两根,1
房办,1
抵达,1
岳修健,1
乘火车,1
疯狂,1
晚一点,1
没送,1
不时之需,1
房前,1
很累,1
没逛,1
欣赏,1
好史,1
点赞于,1
下文,1
金黄,1
优敏,1
点半到,1
打印文件,1
最赞,1
双手,1
那就好,1
细雨,1
攀谈,1
上订,1
六层,1
炒饭,1
海参,1
上课,1
老咯,1
不来,1
拍照片,1
手环,1
必胜客,1
相间,1
衣柜,1
这间,1
精良,1
粗糙,1
大道,1
代表性,1
太暖心,1
王启成,1
吞吞吐吐,1
糟心,1
看鱼,1
过个,1
感染,1
强行,1
透明,1
周道,1
吊瓶,1
吹嘘,1
朋友圈,1
有股,1
选对,1
天堂,1
小兄弟,1
周,1
刻着,1
怀玺,1
杯水,1
收藏,1
火灾,1
在建设中,1
玩儿完,1
剧院,1
西出,1
给与,1
场面,1
没问,1
得当,1
感情,1
增值,1
流泪,1
树香,1
致悦,1
四十,1
急事,1
不慎,1
没错,1
交个,1
可选择性,1
晨跑,1
清明节,1
向导,1
有名气,1
有误,1
外观设计,1
起床,1
合作,1
缘分,1
有问有答,1
罗树,1
留便,1
吹倒,1
爱答不理,1
因天,1
双早,1
怀疑,1
挪入,1
修路,1
顺畅,1
职员,1
礼数,1
厉害,1
幽默,1
昏暗,1
按摩器,1
卫好,1
解放军队,1
很多很多,1
散打,1
来接,1
有点像,1
超强,1
满满,1
刚住,1
偏点,1
坐地,1
辆车,1
久久,1
加进去,1
推个,1
蒸蛋,1
郊区,1
好哟,1
尤如,1
酸梅,1
推下,1
国际级,1
更棒,1
房性,1
算,1
计较,1
我进,1
持续,1
李玲点,1
中好,1
超帅,1
瓶水,1
首屈一指,1
灵岩寺,1
已到,1
运气,1
中央,1
韦敏,1
激昂,1
师徒,1
排斥,1
蜂蜜,1
纸杯,1
不透气,1
正对着,1
乱糟糟,1
室温,1
下推,1
目的地,1
到济,1
做生意,1
订书,1
现有,1
有诺,1
认真细致,1
王新静王,1
刘秀亭,1
扣子,1
管理体制,1
订个,1
下水,1
重汽,1
鸡腿,1
工程,1
订上,1
订下,1
适时,1
它家,1
母亲,1
太行,1
远道而来,1
待人接物,1
价廉物美,1
孙玉芬,1
较强,1
管道,1
配不上,1
说个,1
心灵,1
珠海,1
怠慢,1
叶爱芹,1
醉酒,1
极赞,1
似得,1
年轻,1
自掏腰包,1
完事,1
消过,1
靠着,1
讲课,1
可换,1
不起作用,1
犹豫,1
很甜,1
路段,1
远处,1
四年,1
看得出来,1
挺好吃,1
布局合理,1
结构合理,1
林立,1
值班人员,1
老弟,1
无聊,1
我脚,1
烧开,1
国宴,1
取电卡,1
可怕,1
无限量,1
形容,1
略凉,1
小孟,1
暂住,1
规划,1
满房,1
罗术,1
赞下,1
徐志浩,1
网速,1
西式,1
几杯,1
老少,1
路旁,1
离动,1
取胜,1
功能,1
小宝,1
揪心,1
映入眼帘,1
刘杰悦,1
暂且,1
好大,1
三家店,1
新上,1
好外,1
地势,1
难闻,1
一口,1
段时间,1
乐趣,1
银耳,1
学生,1
左转,1
餐c,1
互加,1
消费,1
吕文聪带,1
发了,1
状况良好,1
赞住,1
刘志权,1
眼镜,1
风范,1
口会,1
高好,1
加一晚,1
补餐,1
穿着,1
重样,1
尹雪飞,1
带回,1
已够,1
一目了然,1
可圈可点,1
差带,1
还定,1
援助,1
以北,1
成人,1
缓解,1
关怀,1
好店,1
对服,1
前世,1
一点一点,1
有车,1
价格低,1
不厌其烦,1
顶天,1
硬度,1
太大太,1
福分,1
意外事故,1
导致,1
返潮,1
下楼,1
大学生,1
灯控,1
噪音,1
把手,1
衷心感谢,1
短信,1
刘继红好,1
老家,1
构造,1
同等,1
作苗,1
太贵,1
擦拭,1
前住,1
店门,1
有效率,1
排水,1
两杯,1
苏点,1
热醒,1
二人,1
装在,1
电梯间,1
优美环境,1
赞田广松,1
电梯门,1
小张,1
地城,1
上肉慢,1
柔软,1
立秋,1
枸杞,1
泡泡,1
开房间,1
二个,1
赵玉苏,1
回馈,1
陈金凤为,1
莫斯科,1
形式,1
看重,1
十几个,1
睡大床,1
门票,1
四处,1
俱佳,1
以内,1
小桌子,1
席梦思,1
车到,1
隔离,1
泡浴,1
太近,1
但车,1
去处,1
过热,1
拼床,1
选菜区,1
烧好,1
车牌号,1
莫名其妙,1
无限,1
房屋,1
老好,1
朋友家,1
轮椅,1
品种繁多,1
冻得,1
就点,1
小店,1
大型超市,1
对客,1
煎鱼,1
能订,1
泉标,1
杨洪宇,1
舒适性,1
河北,1
单早,1
给我发,1
新年礼物,1
规格,1
不愧为,1
接近,1
签了,1
报到,1
家外,1
平心而论,1
甚选,1
国家大剧院,1
接车,1
行礼,1
胖大海,1
人住,1
胃药,1
紧随其后,1
搞清楚,1
脚跟,1
茶具,1
赵兰,1
合算,1
写错,1
烧来,1
两壶,1
惊呆,1
圣诞节,1
接待客人,1
台湾,1
流失,1
嗦,1
老有,1
一试,1
闪付,1
不吃,1
过书,1
浓重,1
入门,1
凑活,1
很亲,1
看电视,1
玩游戏,1
足球,1
漏水,1
已有,1
入住率,1
的士,1
实地,1
走个,1
祁敏娜,1
面特次,1
太高兴,1
一袋,1
记不清,1
下图,1
房门口,1
很为,1
不负众望,1
张雨帮,1
引到,1
繁华,1
很久,1
走人,1
分类,1
腥臭味,1
如图,1
软和,1
适度,1
浴池,1
高分,1
陈玉,1
溜达,1
集齐,1
很优,1
张震赞,1
游住,1
济宁,1
会儿,1
辣菜,1
洗衣房,1
思考,1
防水,1
两分钟,1
抽烟,1
制服,1
交给,1
迎客,1
二瓶,1
评星,1
不冷,1
替换,1
奈斯,1
羊汤,1
不写,1
重做,1
省时省力,1
脆脆,1
几辆车,1
悉心,1
随身携带,1
返回,1
说特,1
王蓓蓓,1
多送,1
偷偷,1
城区,1
舜合巴,1
引向,1
方向,1
身边,1
红火,1
煎饼,1
李正鹏,1
徐志勇,1
星级宾馆,1
插好,1
每一处,1
到心,1
全球,1
两小,1
同行,1
灵芝,1
众多,1
烤串,1
不停,1
陆续,1
软到,1
之後,1
第一位,1
搞笑,1
起子,1
一连,1
商业区,1
问侯,1
双人间,1
优先,1
自费,1
标配,1
小李,1
排名,1
接触,1
欠缺,1
小朱,1
安逸,1
比软,1
字眼,1
小柯,1
路春英留,1
帅照,1
东路,1
节过,1
防滑,1
射,1
节省时间,1
特价,1
国际标准,1
凉快,1
相出,1
时代,1
花生米,1
每人,1
大饭店,1
艳梅,1
电视节目,1
红牌,1
边角,1
营业时间,1
认人,1
自豪,1
时会,1
大可不必,1
对尹,1
直行,1
相关,1
送入,1
每一,1
无所谓,1
能调,1
散发,1
时侯,1
糖糖,1
楼底下,1
道听途说,1
有礼有节,1
眉毛,1
不差,1
来巴,1
莲花,1
婚庆,1
优异,1
默默,1
空气流通,1
往回,1
六晚,1
离想,1
充满,1
胖乎乎,1
整修,1
笑眯眯,1
保障,1
一辆车,1
恼人,1
中暑,1
焕然一新,1
亲亲的,1
刘点,1
人力资源,1
改签,1
美观大方,1
员帮,1
组刘姐,1
李玲人,1
核实,1
学薇,1
忠实,1
方特神,1
非说,1
一点多,1
棉絮,1
豆腐脑,1
扬州,1
评比,1
动作迅速,1
南部,1
可去,1
灯坏,1
提交,1
号称,1
运动,1
好比,1
当地人,1
象拔蚌,1
烟头,1
部凯丽,1
送杯,1
蜜汁,1
润肤霜,1
锁闭,1
高品质,1
小厨房,1
倒掉,1
出贵,1
老花眼镜,1
行王,1
两口,1
硬棒,1
d,1
一股,1
防护,1
体系,1
展示会,1
落后,1
好棒,1
尊敬,1
购物中心,1
事实证明,1
冻死,1
后要,1
有三高,1
开放式,1
舒颈,1
寒冷,1
当起,1
如归,1
辅助,1
不应,1
座位,1
台太少,1
鼻炎,1
口罩,1
健全,1
优选,1
还成,1
不幸,1
满意哦,1
毛絮,1
发给,1
测温,1
下塌,1
考研,1
忘问,1
越办,1
陷阱,1
惊奇,1
灯火辉煌,1
担架,1
出类拔萃,1
项目,1
沏茶,1
略有,1
还敬,1
说不清楚,1
插上,1
不多,1
善于,1
任由,1
蓝牙,1
想不到,1
拉开,1
玩订,1
赞离,1
在我看来,1
赶饭,1
带枣,1
自动化,1
洗头水,1
之行,1
失败,1
小气,1
一扇门,1
张云龙,1
你家,1
内能,1
所剩无几,1
当请,1
越发,1
略显,1
往南,1
串深,1
故乡,1
老半天,1
姓李,1
同胞,1
带有,1
西段,1
刘先生,1
刘敏,1
油旋,1
南面,1
枕套,1
直至,1
小潘,1
新感受,1
考究,1
超有,1
几句,1
调个,1
油敢,1
抽空,1
圣地,1
计程车,1
几包,1
摩托车,1
销量,1
垃圾桶,1
一蓝,1
几千,1
原以为,1
多少度,1
黑乎乎,1
选菜,1
订票,1
自营,1
结交,1
升房,1
放在首位,1
本职工作,1
选舜和赞,1
下午茶,1
众口,1
复原,1
方形,1
七八年,1
王玉亭,1
用高,1
散客,1
很不大,1
情绪,1
舟车劳顿,1
人微,1
旺季,1
车门,1
永久性,1
新放,1
服B度,1
浓浓的,1
天气预报,1
经过培训,1
吧台,1
知名,1
交通干道,1
菜系,1
细微处,1
发方,1
狂奔,1
洗刷,1
王晓静,1
小面包,1
暂时,1
吊坠,1
全挡,1
收银员,1
奚昌帮,1
电器,1
图个,1
泰安,1
开单子,1
人带,1
长途,1
火到,1
双床间,1
心头,1
舒适安逸,1
老看,1
美若天仙,1
小点,1
误选,1
刘志云,1
名至,1
每家,1
关了,1
老人家,1
书香,1
忍不住,1
高点,1
小猪,1
领停,1
懂事,1
发来,1
面对,1
银行卡,1
出锅,1
扔掉,1
破旧,1
调到,1
一顿,1
彩虹,1
小罗,1
关上,1
一题,1
小珂,1
完整,1
卡送,1
售后服务,1
不在乎,1
很纳斯,1
吉利,1
进不来,1
点赞江,1
赶路,1
绰绰有余,1
床^,1
名胜,1
歧义,1
提款机,1
杨爱洁,1
之际,1
晾干,1
棉枕,1
房灯,1
赞有,1
杨红燕,1
活雷锋,1
复位,1
过段时间,1
车太多,1
绝技,1
说放,1
王培培人,1
所放,1
短暂,1
不详,1
设定,1
污染,1
针线包,1
三百多,1
门厅,1
推油,1
站分,1
叫代驾,1
小申,1
小田,1
请求,1
订成,1
姓绍,1
满大街,1
刘继红点,1
可人,1
提及,1
可亲,1
长长,1
蒙住,1
哈洒店,1
领回,1
门卫,1
治疗,1
地铁站,1
六点半,1
模样,1
药店,1
迎面而来,1
记忆犹新,1
旧点,1
责任,1
窗房,1
缺乏,1
之道,1
铁板,1
水烧,1
落差,1
卖货,1
牛志悦,1
前期,1
前来,1
外国人,1
零钱,1
中算,1
下星期,1
姓罗,1
风景区,1
一万个,1
滤芯,1
更新换代,1
小虎,1
心底,1
专员,1
张乃新张,1
八点,1
帮住,1
震帮,1
彩色,1
贯穿,1
环境恶劣,1
不好不坏,1
似火,1
画笔,1
家住,1
赞扬,1
爆表,1
阳澄湖,1
游客,1
过境,1
馄炖,1
满位,1
内部结构,1
气球,1
找人,1
性r,1
发扬,1
清炒,1
接风,1
交涉,1
刘玉英,1
全新,1
婴儿车,1
家中,1
动物,1
入职,1
赞挺,1
不易,1
矫情,1
沈摇,1
乳山,1
端盘子,1
张培培,1
电视台,1
大清早,1
温情,1
名胜古迹,1
早起,1
员会,1
护肤品,1
认准,1
住来,1
八绕,1
很响,1
太漂亮,1
走后,1
公用,1
耽搁,1
遗落,1
原料,1
面儿,1
强烈要求,1
换锁,1
画画,1
刘悦,1
虫子,1
位子,1
分析,1
改正,1
柠檬茶,1
才定,1
九家,1
投缘,1
醒酒,1
枕上,1
P不掉,1
城乡,1
送住,1
寄语,1
僵尸,1
威海,1
单人间,1
网站,1
姜茶,1
附送,1
一尘不染,1
来修,1
动物园,1
心动,1
换鞋,1
推拉,1
烧糊,1
客近,1
门庭若市,1
邢仕斌,1
如乘,1
据点,1
如云,1
熙熙攘攘,1
生鱼片,1
沿经,1
搜索,1
工程部,1
不输于,1
位好,1
行挺,1
更会用,1
震动,1
好礼,1
温水,1
反锁,1
齐鲁大地,1
近舜,1
油烟,1
李辉,1
不亮,1
如浴春风,1
怀孕,1
言归正传,1
花钱,1
晚间,1
但离,1
潮流,1
文明城市,1
致使,1
来个,1
爬行,1
皮肤病,1
面前,1
避光,1
洗好,1
买卖,1
电子,1
李婧,1
大打折扣,1
初到,1
盆盘,1
真不容易,1
插座,1
半月,1
胡刀,1
类成华,1
完毕,1
标识,1
麋鹿,1
还用,1
采购,1
港式,1
全满,1
光景,1
使人,1
挑一,1
徐林,1
更上一层楼,1
多要,1
地瓜,1
椰子,1
哪位,1
混混沌沌,1
会住,1
死活,1
洗手池,1
侯飞,1
每名,1
冷风,1
签单,1
好美,1
交汇处,1
任旺,1
客宾,1
聊要,1
污渍,1
挂饰,1
平方米,1
碳酸,1
单算,1
城中区,1
符合国际,1
好洒店,1
此来,1
震,1
全汤,1
走到,1
底气,1
植物,1
安装,1
惭愧,1
坡道,1
六点,1
赞续,1
一整天,1
精神状态,1
双人,1
床间,1
数字,1
三四分钟,1
女宾,1
耳机,1
周边旅游,1
枉费,1
索要,1
造型,1
桃色,1
简洁,1
姓申,1
姓田,1
老祖,1
不给力,1
娘俩,1
呕吐物,1
又续,1
结合部,1
台灯,1
稍晚,1
漂着,1
稀,1
拆开,1
虚心接受,1
个个,1
稍显,1
位居,1
床铺,1
经商,1
沈瑶点,1
很乾净,1
先是,1
